"par","oc.goat.aridP","oc.goat.semiaridP","oc.goat.semiaridM","oc.goat.subhumidM","oc.goat.humidM","oc.shp.aridP","oc.shp.semiaridP","oc.shp.semiaridM","oc.shp.subhumidM","oc.shp.humidM"
"pF",0.650576349490306,0.712202725361915,0.7025167029334,0.679589556302293,0.629260050601024,0.681732723470915,0.680137058880184,0.701595589736366,0.688004626606268,0.629834233437442
"pfAdu",0.411297865975566,0.497483574105128,0.503624509407096,0.437428668662345,0.372709509531489,0.482650472992679,0.476630344078324,0.504552047793016,0.48095616575887,0.373506884835734
"pfKid",0.127190504767123,0.106830178843459,0.10456028057292,0.125421945551217,0.146806411520183,0.110652238599832,0.113898046054925,0.108217888718755,0.114861427303017,0.140504538381435
"pfSub",0.112704977811027,0.0935207219394857,0.0907309817874911,0.103528026383656,0.12342163573666,0.0954173450401146,0.100229732489356,0.0939479378951598,0.0998758442899191,0.115610477698363
"pmAdu",0.118588720256469,0.0842110765502352,0.110964150441318,0.0866854085332161,0.117656771330605,0.115340004169826,0.101178443376865,0.10597333716235,0.102646330888804,0.122276596639722
"pmKid",0.127190504767123,0.106830178843459,0.10456028057292,0.125421945551217,0.146806411520183,0.110652238599832,0.113898046054925,0.108217888718755,0.114861427303017,0.140504538381435
"pmSub",0.109834972534418,0.090419258501391,0.0888461277158587,0.103068211297891,0.118991377673615,0.0933780430959202,0.098243247705822,0.0912741013073811,0.0992200726300592,0.111422797427332
